ID,Batch No,Identifier,Username,Password,Tenant ID,Board ID,Class ID,Created By,Preferred Language,Cohort ID,Created At,Updated At,V,Current Journey ID,Ff Journey ID,Practice Start Date
68525b9324c84d081bfa6281,,a6063eb6-3fb3-4709-bae5-bb96ef06d226,gourav_test1,,327da502-6674-49eb-9c22-49f121db2fcb,9b50a7e7-fdec-4fd7-bf63-84b3e62e334g,9b50a7e7-fdec-4fd7-bf63-84b3e62e4246,virtual-id-api,en,bb6abb2a-d1f3-4c35-8de3-67c16817fe93,"June 18, 2025, 6:24 AM","June 18, 2025, 6:24 AM",0,83ad3da3-95bc-46d5-aa7a-2c6185964cb9,,
68529eff24c84d081bfa63f8,,3e66b3ff-9511-46cd-96df-11d288e7a176,user1c3,,562854ba-d1dc-41a2-992c-bd38db78627e,9b50a7e7-fdec-4fd7-bf63-84b3e62e334g,9b50a7e7-fdec-4fd7-bf63-84b3e62e4212,virtual-id-api,en,d42cd46c-b20e-4551-bdf5-c1e45d909445,"June 18, 2025, 11:11 AM","June 18, 2025, 11:42 AM",0,df2e4757-dcf0-4478-8e28-4639fde7a726,,
68529fac24c84d081bfa6402,,7978fffb-cc3c-4133-99f9-9076d1b8c5bc,user4c3,,562854ba-d1dc-41a2-992c-bd38db78627e,9b50a7e7-fdec-4fd7-bf63-84b3e62e334g,9b50a7e7-fdec-4fd7-bf63-84b3e62e4243,virtual-id-api,en,d42cd46c-b20e-4551-bdf5-c1e45d909445,"June 18, 2025, 11:14 AM","June 18, 2025, 11:25 AM",0,e8aea166-c839-49d3-941f-611bda9858eb,,"June 18, 2025, 11:19 AM"
6852aa6224c84d081bfa6552,,68d0c705-065f-4152-a90e-9c820c48fa51,user5c3,,562854ba-d1dc-41a2-992c-bd38db78627e,9b50a7e7-fdec-4fd7-bf63-84b3e62e334g,9b50a7e7-fdec-4fd7-bf63-84b3e62e4246,virtual-id-api,en,d42cd46c-b20e-4551-bdf5-c1e45d909445,"June 18, 2025, 12:00 PM","June 18, 2025, 12:00 PM",0,7c25f136-cc59-4601-8d14-593aa0b1b9bb,,
686e45b39e620268d603adb4,2,3158763733,111111111,,9811db1e-e7e8-46d1-8a7b-86e32d45999d,9b50a7e7-fdec-4fd7-bf63-84b3e62e334g,9b50a7e7-fdec-4fd7-bf63-84b3e62e4245,virtual-id-api,en,,"July 9, 2025, 10:34 AM","July 9, 2025, 10:38 AM",0,31e95c15-c567-4568-aff3-933721308545,,
6880df98daf47c7993f7e7c9,2,2093935543,90000000004,,9811db1e-e7e8-46d1-8a7b-86e32d45999d,9b50a7e7-fdec-4fd7-bf63-84b3e62e334g,9b50a7e7-fdec-4fd7-bf63-84b3e62e4246,virtual-id-api,en,,"July 23, 2025, 1:11 PM","August 7, 2025, 8:34 AM",0,ac1fa35d-70fa-4880-86a9-1f07e1af85b9,,"July 28, 2025, 2:11 PM"
6880fa71daf47c7993f7e7f7,2,7489065798,90000000005,,9811db1e-e7e8-46d1-8a7b-86e32d45999d,9b50a7e7-fdec-4fd7-bf63-84b3e62e334g,9b50a7e7-fdec-4fd7-bf63-84b3e62e4245,virtual-id-api,en,,"July 23, 2025, 3:06 PM","July 25, 2025, 11:40 AM",0,786193c9-24a2-4eed-8e75-af8986a9c780,6385f41d-6f8c-4f10-acce-a153dc11268a,"July 24, 2025, 7:31 AM"
68820d27daf47c7993f7ec13,2,7070418167,90000000006,,9811db1e-e7e8-46d1-8a7b-86e32d45999d,9b50a7e7-fdec-4fd7-bf63-84b3e62e334g,9b50a7e7-fdec-4fd7-bf63-84b3e62e4245,virtual-id-api,en,,"July 24, 2025, 10:38 AM","July 31, 2025, 5:49 AM",0,7d49bc87-f87e-4f22-bc2b-e0d24f6d0102,,
68822dcc06316421981a5deb,2,2567666116,90000000012,,9811db1e-e7e8-46d1-8a7b-86e32d45999d,9b50a7e7-fdec-4fd7-bf63-84b3e62e334g,9b50a7e7-fdec-4fd7-bf63-84b3e62e4247,virtual-id-api,en,,"July 24, 2025, 12:57 PM","August 14, 2025, 3:48 AM",0,b57eae61-2bb0-469a-ad38-d4accad19cfa,,
6882cc4e06316421981a5e08,2,4923497866,90000000013,,9811db1e-e7e8-46d1-8a7b-86e32d45999d,9b50a7e7-fdec-4fd7-bf63-84b3e62e334g,9b50a7e7-fdec-4fd7-bf63-84b3e62e4247,virtual-id-api,en,,"July 25, 2025, 12:14 AM","July 25, 2025, 12:19 AM",0,6194903b-5722-4728-914a-3f3e74d087e2,,"July 25, 2025, 12:16 AM"
6882e0d98cb1b99125a921b7,2,3391893764,90000000011,,9811db1e-e7e8-46d1-8a7b-86e32d45999d,9b50a7e7-fdec-4fd7-bf63-84b3e62e334g,9b50a7e7-fdec-4fd7-bf63-84b3e62e4247,virtual-id-api,en,,"July 25, 2025, 1:41 AM","August 6, 2025, 12:01 PM",0,1245229e-7b1a-45c3-a4fa-d03f838e7d13,,"August 6, 2025, 12:00 PM"
688309db06316421981a5f3b,2,1754804303,20240290002,,9811db1e-e7e8-46d1-8a7b-86e32d45999d,9b50a7e7-fdec-4fd7-bf63-84b3e62e334g,9b50a7e7-fdec-4fd7-bf63-84b3e62e4212,virtual-id-api,en,,"July 25, 2025, 4:36 AM","August 14, 2025, 4:56 AM",0,144a6d65-508e-4d26-a9fc-f822e9359e45,,"July 29, 2025, 4:20 AM"
68830a0e8cb1b99125a92234,2,2765078510,20023423705,,9811db1e-e7e8-46d1-8a7b-86e32d45999d,9b50a7e7-fdec-4fd7-bf63-84b3e62e334g,9b50a7e7-fdec-4fd7-bf63-84b3e62e4212,virtual-id-api,en,,"July 25, 2025, 4:37 AM","August 14, 2025, 4:59 AM",0,ad84ba61-450f-4e42-975e-6584ac6b205d,,"July 29, 2025, 4:21 AM"
68830c0b06316421981a5fed,2,3561907631,20012688936,,9811db1e-e7e8-46d1-8a7b-86e32d45999d,9b50a7e7-fdec-4fd7-bf63-84b3e62e334g,9b50a7e7-fdec-4fd7-bf63-84b3e62e4212,virtual-id-api,en,,"July 25, 2025, 4:46 AM","July 25, 2025, 5:36 AM",0,b3786728-5ecb-4438-8e10-f5bacbe77b7f,,"July 25, 2025, 5:26 AM"
68830d0306316421981a6066,2,6110281730,20138597104,,9811db1e-e7e8-46d1-8a7b-86e32d45999d,9b50a7e7-fdec-4fd7-bf63-84b3e62e334g,9b50a7e7-fdec-4fd7-bf63-84b3e62e4246,virtual-id-api,en,,"July 25, 2025, 4:50 AM","August 13, 2025, 3:22 AM",0,c06682d3-5e93-4ffd-ac83-80f829f7fc48,,"July 30, 2025, 3:27 AM"
68830d19daf47c7993f7ee9e,2,8937810215,22032113788,,9811db1e-e7e8-46d1-8a7b-86e32d45999d,9b50a7e7-fdec-4fd7-bf63-84b3e62e334g,9b50a7e7-fdec-4fd7-bf63-84b3e62e4246,virtual-id-api,en,,"July 25, 2025, 4:50 AM","August 13, 2025, 3:44 AM",0,983f458e-9a7a-4b8a-9e79-f97b1fa29b2e,,"July 30, 2025, 3:27 AM"
68830d1a06316421981a607b,2,9731722473,22670980719,,9811db1e-e7e8-46d1-8a7b-86e32d45999d,9b50a7e7-fdec-4fd7-bf63-84b3e62e334g,9b50a7e7-fdec-4fd7-bf63-84b3e62e4246,virtual-id-api,en,,"July 25, 2025, 4:50 AM","August 13, 2025, 4:08 AM",0,1287924a-9fa1-4e57-875f-5931a5c79efc,,"July 30, 2025, 3:26 AM"
68830dba06316421981a60c3,2,4269369919,20862738592,,9811db1e-e7e8-46d1-8a7b-86e32d45999d,9b50a7e7-fdec-4fd7-bf63-84b3e62e334g,9b50a7e7-fdec-4fd7-bf63-84b3e62e4212,virtual-id-api,en,,"July 25, 2025, 4:53 AM","August 13, 2025, 6:18 AM",0,258ec875-b980-4eb6-9ed2-00f7aa5d6ae4,,"July 25, 2025, 5:08 AM"
6883146006316421981a6324,2,1967344118,22798497924,,9811db1e-e7e8-46d1-8a7b-86e32d45999d,9b50a7e7-fdec-4fd7-bf63-84b3e62e334g,9b50a7e7-fdec-4fd7-bf63-84b3e62e4246,virtual-id-api,en,,"July 25, 2025, 5:21 AM","August 14, 2025, 4:43 AM",0,0f758e83-bbd0-4b0b-acfc-8799493fbcba,,"July 29, 2025, 4:44 AM"
6883170a06316421981a63d1,2,8515442512,20003275981,,9811db1e-e7e8-46d1-8a7b-86e32d45999d,9b50a7e7-fdec-4fd7-bf63-84b3e62e334g,9b50a7e7-fdec-4fd7-bf63-84b3e62e4245,virtual-id-api,en,,"July 25, 2025, 5:32 AM","August 18, 2025, 4:49 AM",0,208e45f9-b8a7-4283-a7c0-3307ed41d899,,"July 30, 2025, 4:29 AM"
688318f88cb1b99125a9278e,2,4975314397,20046522336,,9811db1e-e7e8-46d1-8a7b-86e32d45999d,9b50a7e7-fdec-4fd7-bf63-84b3e62e334g,9b50a7e7-fdec-4fd7-bf63-84b3e62e4245,virtual-id-api,en,,"July 25, 2025, 5:41 AM","August 14, 2025, 5:18 AM",0,47fe827c-be4a-450c-93c1-d138cdc9e669,,"July 29, 2025, 5:00 AM"
68831c9706316421981a64c0,2,2948324828,22662925718,,9811db1e-e7e8-46d1-8a7b-86e32d45999d,9b50a7e7-fdec-4fd7-bf63-84b3e62e334g,9b50a7e7-fdec-4fd7-bf63-84b3e62e4246,virtual-id-api,en,,"July 25, 2025, 5:56 AM","August 13, 2025, 5:02 AM",0,e20dcb9d-5fd5-4c3a-ba48-c3905860ff47,,"July 29, 2025, 4:33 AM"
68831ceb8cb1b99125a92891,2,9025639816,22201855129,,9811db1e-e7e8-46d1-8a7b-86e32d45999d,9b50a7e7-fdec-4fd7-bf63-84b3e62e334g,9b50a7e7-fdec-4fd7-bf63-84b3e62e4212,virtual-id-api,en,,"July 25, 2025, 5:58 AM","August 14, 2025, 5:14 AM",0,5c591366-044e-4fec-9abe-6920d3f1f4b5,,"July 30, 2025, 4:34 AM"
68831f058cb1b99125a92918,2,5393774552,22885582674,,9811db1e-e7e8-46d1-8a7b-86e32d45999d,9b50a7e7-fdec-4fd7-bf63-84b3e62e334g,9b50a7e7-fdec-4fd7-bf63-84b3e62e4246,virtual-id-api,en,,"July 25, 2025, 6:07 AM","August 14, 2025, 4:21 AM",0,d3214969-1ab0-46ad-b869-236be1f69483,,"July 30, 2025, 4:12 AM"
68832040daf47c7993f7f42f,2,2843851650,22738454871,,9811db1e-e7e8-46d1-8a7b-86e32d45999d,9b50a7e7-fdec-4fd7-bf63-84b3e62e334g,9b50a7e7-fdec-4fd7-bf63-84b3e62e4246,virtual-id-api,en,,"July 25, 2025, 6:12 AM","August 14, 2025, 4:11 AM",0,24c8c70b-fc26-4c3e-aef2-4164b9ea351a,,"July 29, 2025, 6:01 AM"
688322e206316421981a6621,2,1533883275,22848702674,,9811db1e-e7e8-46d1-8a7b-86e32d45999d,9b50a7e7-fdec-4fd7-bf63-84b3e62e334g,9b50a7e7-fdec-4fd7-bf63-84b3e62e4246,virtual-id-api,en,,"July 25, 2025, 6:23 AM","July 25, 2025, 6:30 AM",0,ebb77ea9-d618-4f1c-ae30-02b2449db37a,,
68832ac2daf47c7993f7f56e,2,8423592926,20687949488,,9811db1e-e7e8-46d1-8a7b-86e32d45999d,9b50a7e7-fdec-4fd7-bf63-84b3e62e334g,9b50a7e7-fdec-4fd7-bf63-84b3e62e4245,virtual-id-api,en,,"July 25, 2025, 6:57 AM","July 25, 2025, 6:57 AM",0,c02c73b0-8bee-47c7-b53f-5392bab65289,,
68832aca06316421981a6697,2,2386959923,22688785591,,9811db1e-e7e8-46d1-8a7b-86e32d45999d,9b50a7e7-fdec-4fd7-bf63-84b3e62e334g,9b50a7e7-fdec-4fd7-bf63-84b3e62e4245,virtual-id-api,en,,"July 25, 2025, 6:57 AM","August 14, 2025, 4:30 AM",0,7126e5e2-f509-4bfb-8ae2-cd099d6cfa39,,"July 30, 2025, 6:45 AM"
68832ae506316421981a66aa,2,9347641441,20299296670,,9811db1e-e7e8-46d1-8a7b-86e32d45999d,9b50a7e7-fdec-4fd7-bf63-84b3e62e334g,9b50a7e7-fdec-4fd7-bf63-84b3e62e4245,virtual-id-api,en,,"July 25, 2025, 6:57 AM","August 14, 2025, 5:54 AM",0,a2d6b973-e77d-477c-a21d-6c0ffece41ea,,"August 14, 2025, 5:22 AM"
68832b6006316421981a66c0,2,9591813696,20004739481,,9811db1e-e7e8-46d1-8a7b-86e32d45999d,9b50a7e7-fdec-4fd7-bf63-84b3e62e334g,9b50a7e7-fdec-4fd7-bf63-84b3e62e4245,virtual-id-api,en,,"July 25, 2025, 6:59 AM","August 14, 2025, 4:34 AM",0,4e22969f-a61f-41e5-8a84-fff4809de7aa,,"July 30, 2025, 6:35 AM"
68832ba706316421981a66d4,2,2876204445,20163707103,,9811db1e-e7e8-46d1-8a7b-86e32d45999d,9b50a7e7-fdec-4fd7-bf63-84b3e62e334g,9b50a7e7-fdec-4fd7-bf63-84b3e62e4245,virtual-id-api,en,,"July 25, 2025, 7:00 AM","August 7, 2025, 5:43 AM",0,0dbfaa14-3896-45ae-92f7-19d61b95307a,,"July 30, 2025, 6:14 AM"
68832e828cb1b99125a92b52,2,9647006083,22614548051,,9811db1e-e7e8-46d1-8a7b-86e32d45999d,9b50a7e7-fdec-4fd7-bf63-84b3e62e334g,9b50a7e7-fdec-4fd7-bf63-84b3e62e4245,virtual-id-api,en,,"July 25, 2025, 7:13 AM","August 14, 2025, 5:15 AM",0,9b893ae7-632c-4237-a7ff-4a1d674f3478,,"July 29, 2025, 5:48 AM"
68832f9b06316421981a6854,2,5685733253,20072639607,,9811db1e-e7e8-46d1-8a7b-86e32d45999d,9b50a7e7-fdec-4fd7-bf63-84b3e62e334g,9b50a7e7-fdec-4fd7-bf63-84b3e62e4245,virtual-id-api,en,,"July 25, 2025, 7:17 AM","August 11, 2025, 9:58 AM",0,8169a511-21b4-4dd7-bb33-4505e08b3d68,,"July 29, 2025, 6:39 AM"
6883395ddaf47c7993f7f893,2,9402713273,20013726335,,9811db1e-e7e8-46d1-8a7b-86e32d45999d,9b50a7e7-fdec-4fd7-bf63-84b3e62e334g,9b50a7e7-fdec-4fd7-bf63-84b3e62e4246,virtual-id-api,en,,"July 25, 2025, 7:59 AM","August 14, 2025, 6:04 AM",0,d4984070-76d3-453f-8180-aaa14496784f,,"July 31, 2025, 4:15 AM"
688339a706316421981a69cd,2,8532588473,22903709302,,9811db1e-e7e8-46d1-8a7b-86e32d45999d,9b50a7e7-fdec-4fd7-bf63-84b3e62e334g,9b50a7e7-fdec-4fd7-bf63-84b3e62e4246,virtual-id-api,en,,"July 25, 2025, 8:00 AM","August 7, 2025, 8:35 AM",0,ac77b985-485d-4d23-8095-fc2217e18a0b,,"July 31, 2025, 4:14 AM"
68833c5ddaf47c7993f7f909,2,5918936488,22901935546,,9811db1e-e7e8-46d1-8a7b-86e32d45999d,9b50a7e7-fdec-4fd7-bf63-84b3e62e334g,9b50a7e7-fdec-4fd7-bf63-84b3e62e4246,virtual-id-api,en,,"July 25, 2025, 8:12 AM","August 7, 2025, 4:34 AM",0,c160a466-1a1f-4a51-9782-6ef2206daff3,,"July 29, 2025, 5:15 AM"
68833f2bdaf47c7993f7f981,2,5732963673,22669097121,,9811db1e-e7e8-46d1-8a7b-86e32d45999d,9b50a7e7-fdec-4fd7-bf63-84b3e62e334g,9b50a7e7-fdec-4fd7-bf63-84b3e62e4212,virtual-id-api,en,,"July 25, 2025, 8:24 AM","August 7, 2025, 6:43 AM",0,f1d368ac-b1c6-4239-b25d-7a10be3a00a6,,"July 29, 2025, 7:55 AM"
6883414006316421981a6b63,2,3190909879,20171505809,,9811db1e-e7e8-46d1-8a7b-86e32d45999d,9b50a7e7-fdec-4fd7-bf63-84b3e62e334g,9b50a7e7-fdec-4fd7-bf63-84b3e62e4212,virtual-id-api,en,,"July 25, 2025, 8:33 AM","August 14, 2025, 5:41 AM",0,36cd4bac-d8fd-4975-9d76-0702d2d414c7,,"July 29, 2025, 8:29 AM"
688343f98cb1b99125a92fb9,2,1987850352,20064987767,,9811db1e-e7e8-46d1-8a7b-86e32d45999d,9b50a7e7-fdec-4fd7-bf63-84b3e62e334g,9b50a7e7-fdec-4fd7-bf63-84b3e62e4212,virtual-id-api,en,,"July 25, 2025, 8:44 AM","August 14, 2025, 5:42 AM",0,7470ae43-0894-447b-91bf-0f1b0a155142,,"July 29, 2025, 8:04 AM"
6883448d8cb1b99125a93012,2,3185495231,20015732399,,9811db1e-e7e8-46d1-8a7b-86e32d45999d,9b50a7e7-fdec-4fd7-bf63-84b3e62e334g,9b50a7e7-fdec-4fd7-bf63-84b3e62e4245,virtual-id-api,en,,"July 25, 2025, 8:47 AM","August 14, 2025, 5:08 AM",0,f837d5cb-9080-46ec-b5ee-db839c6d3eeb,,"July 31, 2025, 4:55 AM"
688344a606316421981a6c8d,2,6082046314,20039358585,,9811db1e-e7e8-46d1-8a7b-86e32d45999d,9b50a7e7-fdec-4fd7-bf63-84b3e62e334g,9b50a7e7-fdec-4fd7-bf63-84b3e62e4245,virtual-id-api,en,,"July 25, 2025, 8:47 AM","August 14, 2025, 4:54 AM",0,c3c19e37-7033-4ebb-b36e-b7eb1a43657b,,"July 31, 2025, 4:50 AM"
688344f2daf47c7993f7fbac,2,1981712831,22857420914,,9811db1e-e7e8-46d1-8a7b-86e32d45999d,9b50a7e7-fdec-4fd7-bf63-84b3e62e334g,9b50a7e7-fdec-4fd7-bf63-84b3e62e4245,virtual-id-api,en,,"July 25, 2025, 8:48 AM","August 14, 2025, 5:10 AM",0,4fb5ea9f-bfc4-4c90-96d3-f38b24248a5f,,"July 31, 2025, 4:56 AM"
688344fddaf47c7993f7fbbf,2,9742083721,22695864959,,9811db1e-e7e8-46d1-8a7b-86e32d45999d,9b50a7e7-fdec-4fd7-bf63-84b3e62e334g,9b50a7e7-fdec-4fd7-bf63-84b3e62e4245,virtual-id-api,en,,"July 25, 2025, 8:49 AM","August 7, 2025, 6:22 AM",0,087a6477-9147-4c14-ba17-869f68f83751,,"July 31, 2025, 4:56 AM"
68834f83daf47c7993f800af,2,8938181016,20049334436,,9811db1e-e7e8-46d1-8a7b-86e32d45999d,9b50a7e7-fdec-4fd7-bf63-84b3e62e334g,9b50a7e7-fdec-4fd7-bf63-84b3e62e4212,virtual-id-api,en,,"July 25, 2025, 9:33 AM","August 2, 2025, 10:14 AM",0,96f36419-a9ba-4c6d-af28-255b37a5ca55,,"July 31, 2025, 5:24 AM"
68834f9e06316421981a718f,2,8722521869,23283325716,,9811db1e-e7e8-46d1-8a7b-86e32d45999d,9b50a7e7-fdec-4fd7-bf63-84b3e62e334g,9b50a7e7-fdec-4fd7-bf63-84b3e62e4212,virtual-id-api,en,,"July 25, 2025, 9:34 AM","August 14, 2025, 5:09 AM",0,64f5bfd6-8b19-44fb-b222-9250b230f0d4,,"July 31, 2025, 5:24 AM"
68834fd38cb1b99125a93640,2,4336289035,21112687704,,9811db1e-e7e8-46d1-8a7b-86e32d45999d,9b50a7e7-fdec-4fd7-bf63-84b3e62e334g,9b50a7e7-fdec-4fd7-bf63-84b3e62e4212,virtual-id-api,en,,"July 25, 2025, 9:35 AM","August 1, 2025, 9:49 AM",0,a84fe690-3996-4df8-bd8c-586b05aa48f1,,"July 31, 2025, 5:24 AM"
68834fe706316421981a71a7,2,6979053228,20004234813,,9811db1e-e7e8-46d1-8a7b-86e32d45999d,9b50a7e7-fdec-4fd7-bf63-84b3e62e334g,9b50a7e7-fdec-4fd7-bf63-84b3e62e4212,virtual-id-api,en,,"July 25, 2025, 9:35 AM","August 7, 2025, 5:58 AM",0,e3a2b709-7a06-41a5-96d1-2a55d62c9514,,"July 31, 2025, 5:28 AM"
68835126daf47c7993f801bf,2,1952274199,20051245106,,9811db1e-e7e8-46d1-8a7b-86e32d45999d,9b50a7e7-fdec-4fd7-bf63-84b3e62e334g,9b50a7e7-fdec-4fd7-bf63-84b3e62e4212,virtual-id-api,en,,"July 25, 2025, 9:40 AM","August 7, 2025, 5:52 AM",0,dec3c983-eba9-44eb-8b89-2154a16377b8,,"July 31, 2025, 5:31 AM"
68845373daf47c7993f80455,2,4125748853,22701107414,,9811db1e-e7e8-46d1-8a7b-86e32d45999d,9b50a7e7-fdec-4fd7-bf63-84b3e62e334g,9b50a7e7-fdec-4fd7-bf63-84b3e62e4245,virtual-id-api,en,,"July 26, 2025, 4:02 AM","August 11, 2025, 4:15 AM",0,84cb0f76-40ef-427b-8b8f-bf22fb0110e7,,"July 30, 2025, 4:12 AM"
6884538306316421981a7562,2,8640255130,22716030987,,9811db1e-e7e8-46d1-8a7b-86e32d45999d,9b50a7e7-fdec-4fd7-bf63-84b3e62e334g,9b50a7e7-fdec-4fd7-bf63-84b3e62e4245,virtual-id-api,en,,"July 26, 2025, 4:03 AM","August 5, 2025, 4:01 AM",0,ddc0d31d-432a-4161-9e71-045879f6ab3d,,"July 30, 2025, 4:09 AM"
68845f6b06316421981a75d3,2,1105091585,20284531514,,9811db1e-e7e8-46d1-8a7b-86e32d45999d,9b50a7e7-fdec-4fd7-bf63-84b3e62e334g,9b50a7e7-fdec-4fd7-bf63-84b3e62e4212,virtual-id-api,en,,"July 26, 2025, 4:54 AM","August 13, 2025, 4:54 AM",0,4382e790-5d2a-448d-abc7-b2b949288b33,,"July 30, 2025, 5:57 AM"
6886fca0b67516a30ca5877c,2,1280019222,20101800411,,9811db1e-e7e8-46d1-8a7b-86e32d45999d,9b50a7e7-fdec-4fd7-bf63-84b3e62e334g,9b50a7e7-fdec-4fd7-bf63-84b3e62e4245,virtual-id-api,en,,"July 28, 2025, 4:29 AM","July 30, 2025, 4:19 AM",0,9f11f057-94ed-427b-8f8c-bc7641b526b8,,"July 28, 2025, 4:33 AM"
6886fcbbcbb92191b2996144,2,3852405434,22622830988,,9811db1e-e7e8-46d1-8a7b-86e32d45999d,9b50a7e7-fdec-4fd7-bf63-84b3e62e334g,9b50a7e7-fdec-4fd7-bf63-84b3e62e4246,virtual-id-api,en,,"July 28, 2025, 4:29 AM","July 30, 2025, 5:28 AM",0,965fd8fb-397d-4502-beba-a1b72d9cd057,,"July 30, 2025, 5:11 AM"
6886fcbfcbb92191b2996157,2,2323669873,22999470604,,9811db1e-e7e8-46d1-8a7b-86e32d45999d,9b50a7e7-fdec-4fd7-bf63-84b3e62e334g,9b50a7e7-fdec-4fd7-bf63-84b3e62e4246,virtual-id-api,en,,"July 28, 2025, 4:29 AM","July 30, 2025, 5:19 AM",0,331e4d31-506a-4d6b-b3f7-04f4b4ca4ee7,,"July 30, 2025, 5:11 AM"
6886fcdcb67516a30ca58794,2,9474431169,23043306633,,9811db1e-e7e8-46d1-8a7b-86e32d45999d,9b50a7e7-fdec-4fd7-bf63-84b3e62e334g,9b50a7e7-fdec-4fd7-bf63-84b3e62e4246,virtual-id-api,en,,"July 28, 2025, 4:30 AM","July 28, 2025, 4:30 AM",0,b2c2de32-c845-451d-b440-cfcbba03e84f,,
68870911b3353f81d1b43ca8,2,4623818786,20202589277,,9811db1e-e7e8-46d1-8a7b-86e32d45999d,9b50a7e7-fdec-4fd7-bf63-84b3e62e334g,9b50a7e7-fdec-4fd7-bf63-84b3e62e4212,virtual-id-api,en,,"July 28, 2025, 5:22 AM","August 14, 2025, 5:11 AM",0,b8f10567-5683-4ba0-ac7e-9b5dc847e890,,"July 30, 2025, 4:42 AM"
68870b4bcbb92191b2996508,2,6579271261,24313069143,,9811db1e-e7e8-46d1-8a7b-86e32d45999d,9b50a7e7-fdec-4fd7-bf63-84b3e62e334g,9b50a7e7-fdec-4fd7-bf63-84b3e62e4212,virtual-id-api,en,,"July 28, 2025, 5:31 AM","August 5, 2025, 4:17 AM",0,8890fe35-b2af-474c-986d-433cd50b5556,,"July 30, 2025, 4:39 AM"
68870f04cbb92191b29965e3,2,2735529953,22910460757,,9811db1e-e7e8-46d1-8a7b-86e32d45999d,9b50a7e7-fdec-4fd7-bf63-84b3e62e334g,9b50a7e7-fdec-4fd7-bf63-84b3e62e4212,virtual-id-api,en,,"July 28, 2025, 5:47 AM","July 28, 2025, 5:47 AM",0,c980277b-1d81-4a94-b5b9-678ba1b8e237,,
688718c8cbb92191b2996646,2,1900713290,20027244473,,9811db1e-e7e8-46d1-8a7b-86e32d45999d,9b50a7e7-fdec-4fd7-bf63-84b3e62e334g,9b50a7e7-fdec-4fd7-bf63-84b3e62e4245,virtual-id-api,en,,"July 28, 2025, 6:29 AM","August 5, 2025, 5:16 AM",0,16591afc-b003-4b89-b9d7-a624526045ee,,"July 30, 2025, 6:45 AM"
688855f6adf1d09e7672b167,2,2523336062,20735699464,,9811db1e-e7e8-46d1-8a7b-86e32d45999d,9b50a7e7-fdec-4fd7-bf63-84b3e62e334g,9b50a7e7-fdec-4fd7-bf63-84b3e62e4245,virtual-id-api,en,,"July 29, 2025, 5:02 AM","August 18, 2025, 5:02 AM",0,1e1416bc-1f76-41e5-8e39-b76bf47e0d7d,,"July 29, 2025, 5:08 AM"
68886a64adf1d09e7672b4a8,2,9555166367,22900826718,,9811db1e-e7e8-46d1-8a7b-86e32d45999d,9b50a7e7-fdec-4fd7-bf63-84b3e62e334g,9b50a7e7-fdec-4fd7-bf63-84b3e62e4245,virtual-id-api,en,,"July 29, 2025, 6:29 AM","July 29, 2025, 6:34 AM",0,e750c56b-75c4-4d65-a67a-29199453d83e,,
68887a9fb21df9d2d67e1741,2,9202862128,22796637333,,9811db1e-e7e8-46d1-8a7b-86e32d45999d,9b50a7e7-fdec-4fd7-bf63-84b3e62e334g,9b50a7e7-fdec-4fd7-bf63-84b3e62e4212,virtual-id-api,en,,"July 29, 2025, 7:39 AM","July 29, 2025, 7:39 AM",0,20fdd4bb-7777-4a17-9b93-9966357a6706,,
68887d51adf1d09e7672b6d6,2,5771885974,20077948986,,9811db1e-e7e8-46d1-8a7b-86e32d45999d,9b50a7e7-fdec-4fd7-bf63-84b3e62e334g,9b50a7e7-fdec-4fd7-bf63-84b3e62e4245,virtual-id-api,en,,"July 29, 2025, 7:50 AM","July 29, 2025, 7:50 AM",0,796ed544-416a-4557-bb68-00492c1a0ab1,,
688882dcb21df9d2d67e18ab,2,2961331738,20600358945,,9811db1e-e7e8-46d1-8a7b-86e32d45999d,9b50a7e7-fdec-4fd7-bf63-84b3e62e334g,9b50a7e7-fdec-4fd7-bf63-84b3e62e4212,virtual-id-api,en,,"July 29, 2025, 8:14 AM","July 29, 2025, 8:14 AM",0,d03287f4-895b-449a-aa7d-c4b9eb1745f0,,
68899ff5adf1d09e7672c11a,2,9028828947,20180074082,,9811db1e-e7e8-46d1-8a7b-86e32d45999d,9b50a7e7-fdec-4fd7-bf63-84b3e62e334g,9b50a7e7-fdec-4fd7-bf63-84b3e62e4245,virtual-id-api,en,,"July 30, 2025, 4:30 AM","July 30, 2025, 4:30 AM",0,02d52258-fc6e-4a9e-ac7e-4058a8a40095,,
6889a587b21df9d2d67e20ea,2,1754402021,20008319128,,9811db1e-e7e8-46d1-8a7b-86e32d45999d,9b50a7e7-fdec-4fd7-bf63-84b3e62e334g,9b50a7e7-fdec-4fd7-bf63-84b3e62e4212,virtual-id-api,en,,"July 30, 2025, 4:54 AM","August 11, 2025, 6:01 AM",0,5debbc4e-a7ea-4483-9b2d-c66880b8f96e,,"July 30, 2025, 4:59 AM"
6889a5feadf1d09e7672c451,2,8605774033,20027174573,,9811db1e-e7e8-46d1-8a7b-86e32d45999d,9b50a7e7-fdec-4fd7-bf63-84b3e62e334g,9b50a7e7-fdec-4fd7-bf63-84b3e62e4212,virtual-id-api,en,,"July 30, 2025, 4:56 AM","August 11, 2025, 5:56 AM",0,87f08f70-9ac5-42fd-aaf6-e11c1270046d,,"July 30, 2025, 4:59 AM"
6889a64db21df9d2d67e2163,2,6306755729,22732383914,,9811db1e-e7e8-46d1-8a7b-86e32d45999d,9b50a7e7-fdec-4fd7-bf63-84b3e62e334g,9b50a7e7-fdec-4fd7-bf63-84b3e62e4246,virtual-id-api,en,,"July 30, 2025, 4:57 AM","July 30, 2025, 4:57 AM",0,1e694934-d66f-43e9-b9d0-512cf6d99aa5,,
6889a6ceadf1d09e7672c532,2,8040764802,20053227910,,9811db1e-e7e8-46d1-8a7b-86e32d45999d,9b50a7e7-fdec-4fd7-bf63-84b3e62e334g,9b50a7e7-fdec-4fd7-bf63-84b3e62e4212,virtual-id-api,en,,"July 30, 2025, 4:59 AM","August 13, 2025, 6:28 AM",0,d39ca5cb-d996-4448-a050-0d9e23f29e55,,"July 30, 2025, 5:07 AM"
6889a7d1adf1d09e7672c6cd,2,8857355900,20006415906,,9811db1e-e7e8-46d1-8a7b-86e32d45999d,9b50a7e7-fdec-4fd7-bf63-84b3e62e334g,9b50a7e7-fdec-4fd7-bf63-84b3e62e4212,virtual-id-api,en,,"July 30, 2025, 5:04 AM","August 13, 2025, 6:20 AM",0,51d09606-745c-41bf-bd5c-a7c73b065aa3,,"July 30, 2025, 5:11 AM"
6889a7ecb21df9d2d67e2321,2,1468127005,20005209837,,9811db1e-e7e8-46d1-8a7b-86e32d45999d,9b50a7e7-fdec-4fd7-bf63-84b3e62e334g,9b50a7e7-fdec-4fd7-bf63-84b3e62e4212,virtual-id-api,en,,"July 30, 2025, 5:04 AM","August 13, 2025, 6:24 AM",0,deac86cf-3d36-4188-8e85-ab85ee4fa663,,"July 30, 2025, 5:09 AM"
6889a809adf1d09e7672c6e1,2,6102879268,22940061248,,9811db1e-e7e8-46d1-8a7b-86e32d45999d,9b50a7e7-fdec-4fd7-bf63-84b3e62e334g,9b50a7e7-fdec-4fd7-bf63-84b3e62e4246,virtual-id-api,en,,"July 30, 2025, 5:05 AM","August 5, 2025, 4:51 AM",0,afb0e634-45c8-4b73-98cc-2610d7f9e94c,,"August 5, 2025, 4:50 AM"
6889a80fb21df9d2d67e236a,2,4854975553,20233110870,,9811db1e-e7e8-46d1-8a7b-86e32d45999d,9b50a7e7-fdec-4fd7-bf63-84b3e62e334g,9b50a7e7-fdec-4fd7-bf63-84b3e62e4212,virtual-id-api,en,,"July 30, 2025, 5:05 AM","August 13, 2025, 6:15 AM",0,5317647e-fa1c-42c5-a513-e78a6135a371,,"July 30, 2025, 5:08 AM"
6889b005adf1d09e7672cf7a,2,8710780310,20336632261,,9811db1e-e7e8-46d1-8a7b-86e32d45999d,9b50a7e7-fdec-4fd7-bf63-84b3e62e334g,9b50a7e7-fdec-4fd7-bf63-84b3e62e4245,virtual-id-api,en,,"July 30, 2025, 5:39 AM","August 13, 2025, 5:39 AM",0,edefe803-49b1-4345-9c75-450ff920e7f3,,"July 30, 2025, 5:48 AM"
6889b09badf1d09e7672cfbe,2,9715604772,20022647793,,9811db1e-e7e8-46d1-8a7b-86e32d45999d,9b50a7e7-fdec-4fd7-bf63-84b3e62e334g,9b50a7e7-fdec-4fd7-bf63-84b3e62e4245,virtual-id-api,en,,"July 30, 2025, 5:41 AM","August 1, 2025, 8:31 AM",0,cea25ca9-5234-4ad1-aee4-71eeed1fce22,,"July 30, 2025, 5:45 AM"
6889b2e7b21df9d2d67e2dd3,2,2617111649,20217555720,,9811db1e-e7e8-46d1-8a7b-86e32d45999d,9b50a7e7-fdec-4fd7-bf63-84b3e62e334g,9b50a7e7-fdec-4fd7-bf63-84b3e62e4245,virtual-id-api,en,,"July 30, 2025, 5:51 AM","August 7, 2025, 5:54 AM",0,9e4f0040-1279-475b-85e9-324a7893b66f,,"July 30, 2025, 5:54 AM"
6889b3a8b21df9d2d67e2e6a,2,3422306879,20026553094,,9811db1e-e7e8-46d1-8a7b-86e32d45999d,9b50a7e7-fdec-4fd7-bf63-84b3e62e334g,9b50a7e7-fdec-4fd7-bf63-84b3e62e4245,virtual-id-api,en,,"July 30, 2025, 5:54 AM","August 7, 2025, 5:43 AM",0,6295a870-394b-475a-9a2d-3c580fdf732f,,"July 30, 2025, 6:01 AM"
6889b3c4adf1d09e7672d152,2,1511064892,20005790441,,9811db1e-e7e8-46d1-8a7b-86e32d45999d,9b50a7e7-fdec-4fd7-bf63-84b3e62e334g,9b50a7e7-fdec-4fd7-bf63-84b3e62e4245,virtual-id-api,en,,"July 30, 2025, 5:55 AM","August 13, 2025, 5:56 AM",0,191bd09b-4a45-4cfa-b1ee-b2f89ed2c643,,"July 30, 2025, 5:59 AM"
6889b55fb21df9d2d67e314a,2,7274199307,20000164448,,9811db1e-e7e8-46d1-8a7b-86e32d45999d,9b50a7e7-fdec-4fd7-bf63-84b3e62e334g,9b50a7e7-fdec-4fd7-bf63-84b3e62e4245,virtual-id-api,en,,"July 30, 2025, 6:02 AM","August 13, 2025, 6:09 AM",0,293ee026-3562-443c-a392-87e377f202fb,,"July 30, 2025, 6:08 AM"
6889b71fadf1d09e7672d436,2,1785914234,20545108706,,9811db1e-e7e8-46d1-8a7b-86e32d45999d,9b50a7e7-fdec-4fd7-bf63-84b3e62e334g,9b50a7e7-fdec-4fd7-bf63-84b3e62e4245,virtual-id-api,en,,"July 30, 2025, 6:09 AM","August 1, 2025, 8:48 AM",0,b9fcf5b4-5c19-499c-a6b9-80f2549be3cd,,"July 30, 2025, 6:16 AM"
6889bb8aadf1d09e7672d923,2,8238903362,22668165642,,9811db1e-e7e8-46d1-8a7b-86e32d45999d,9b50a7e7-fdec-4fd7-bf63-84b3e62e334g,9b50a7e7-fdec-4fd7-bf63-84b3e62e4246,virtual-id-api,en,,"July 30, 2025, 6:28 AM","August 5, 2025, 6:50 AM",0,4049a8e2-ece9-45bd-9b5d-4c3ec7ee9e7f,,"July 30, 2025, 6:39 AM"
6889c203adf1d09e7672e0c8,2,9531853474,20518534960,,9811db1e-e7e8-46d1-8a7b-86e32d45999d,9b50a7e7-fdec-4fd7-bf63-84b3e62e334g,9b50a7e7-fdec-4fd7-bf63-84b3e62e4212,virtual-id-api,en,,"July 30, 2025, 6:56 AM","July 30, 2025, 6:56 AM",0,8b445756-9bbf-41c3-bfa7-6d79c7f349da,,
6889cff0adf1d09e7672e31e,2,8655800216,90000000002,,9811db1e-e7e8-46d1-8a7b-86e32d45999d,9b50a7e7-fdec-4fd7-bf63-84b3e62e334g,9b50a7e7-fdec-4fd7-bf63-84b3e62e4247,virtual-id-api,en,,"July 30, 2025, 7:55 AM","July 30, 2025, 7:55 AM",0,bd46d307-0c64-4b80-a999-c050ebe15ba6,,
688ae803b21df9d2d67e41ec,2,8990084082,20849041429,,9811db1e-e7e8-46d1-8a7b-86e32d45999d,9b50a7e7-fdec-4fd7-bf63-84b3e62e334g,9b50a7e7-fdec-4fd7-bf63-84b3e62e4212,virtual-id-api,en,,"July 31, 2025, 3:50 AM","July 31, 2025, 3:50 AM",0,2f48a1b2-1c3c-4ef4-850f-04f7467f39ae,,
688aea7badf1d09e7672e445,2,6446804262,22937826270,,9811db1e-e7e8-46d1-8a7b-86e32d45999d,9b50a7e7-fdec-4fd7-bf63-84b3e62e334g,9b50a7e7-fdec-4fd7-bf63-84b3e62e4246,virtual-id-api,en,,"July 31, 2025, 4:00 AM","August 14, 2025, 6:02 AM",0,3daeed23-3e3a-4d85-93f1-b2549e63403e,,"July 31, 2025, 4:06 AM"
688aeac9b21df9d2d67e4253,2,4937807348,20858384563,,9811db1e-e7e8-46d1-8a7b-86e32d45999d,9b50a7e7-fdec-4fd7-bf63-84b3e62e334g,9b50a7e7-fdec-4fd7-bf63-84b3e62e4246,virtual-id-api,en,,"July 31, 2025, 4:02 AM","August 14, 2025, 5:57 AM",0,8b041764-396f-4ad6-a200-116dc511bcd9,,"July 31, 2025, 4:09 AM"
688afe8db21df9d2d67e4c2d,2,4477279236,20038812351,,9811db1e-e7e8-46d1-8a7b-86e32d45999d,9b50a7e7-fdec-4fd7-bf63-84b3e62e334g,9b50a7e7-fdec-4fd7-bf63-84b3e62e4212,virtual-id-api,en,,"July 31, 2025, 5:26 AM","August 7, 2025, 5:49 AM",0,c9ac58b6-b651-4fc1-ad66-204ecb792b68,,"July 31, 2025, 5:37 AM"
688c3861b21df9d2d67e5206,2,7474702358,90000000015,,9811db1e-e7e8-46d1-8a7b-86e32d45999d,9b50a7e7-fdec-4fd7-bf63-84b3e62e334g,9b50a7e7-fdec-4fd7-bf63-84b3e62e4247,virtual-id-api,en,,"August 1, 2025, 3:45 AM","August 1, 2025, 3:46 AM",0,223592ac-d2c6-4314-af5d-57eff89eb841,,
688c3b15b21df9d2d67e5240,2,8183101947,20414033149,,9811db1e-e7e8-46d1-8a7b-86e32d45999d,9b50a7e7-fdec-4fd7-bf63-84b3e62e334g,9b50a7e7-fdec-4fd7-bf63-84b3e62e4212,virtual-id-api,en,,"August 1, 2025, 3:57 AM","August 14, 2025, 5:03 AM",0,b0bb48a2-e097-4d06-9a48-ae2b86ab278d,,"August 1, 2025, 4:00 AM"
688c4ff8b21df9d2d67e58d7,2,3909078107,20078171835,,9811db1e-e7e8-46d1-8a7b-86e32d45999d,9b50a7e7-fdec-4fd7-bf63-84b3e62e334g,9b50a7e7-fdec-4fd7-bf63-84b3e62e4245,virtual-id-api,en,,"August 1, 2025, 5:26 AM","August 13, 2025, 5:31 AM",0,429df0b0-a805-44b8-9fae-d0025b568864,,"August 13, 2025, 5:31 AM"
688c63bab21df9d2d67e642c,2,9608613790,20060004747,,9811db1e-e7e8-46d1-8a7b-86e32d45999d,9b50a7e7-fdec-4fd7-bf63-84b3e62e334g,9b50a7e7-fdec-4fd7-bf63-84b3e62e4212,virtual-id-api,en,,"August 1, 2025, 6:50 AM","August 13, 2025, 6:05 AM",0,2df5c658-02b5-4226-9bc8-1c5e02b758a7,,"August 1, 2025, 7:02 AM"
688c6425b21df9d2d67e6456,2,8834579664,20070473883,,9811db1e-e7e8-46d1-8a7b-86e32d45999d,9b50a7e7-fdec-4fd7-bf63-84b3e62e334g,9b50a7e7-fdec-4fd7-bf63-84b3e62e4212,virtual-id-api,en,,"August 1, 2025, 6:52 AM","August 13, 2025, 6:23 AM",0,aedb93dd-2ea3-433e-b2ed-2a11e7c2b52a,,"August 1, 2025, 6:54 AM"
6890473af1a679c42aa90a93,2,2113486856,224811417,,9811db1e-e7e8-46d1-8a7b-86e32d45999d,9b50a7e7-fdec-4fd7-bf63-84b3e62e334g,9b50a7e7-fdec-4fd7-bf63-84b3e62e4245,virtual-id-api,en,,"August 4, 2025, 5:38 AM","August 16, 2025, 4:41 AM",0,72fe9697-b06d-4592-a6ca-f19091a9aabc,,"August 4, 2025, 5:44 AM"
68904776f1a679c42aa90aad,2,4472607952,220785335,,9811db1e-e7e8-46d1-8a7b-86e32d45999d,9b50a7e7-fdec-4fd7-bf63-84b3e62e334g,9b50a7e7-fdec-4fd7-bf63-84b3e62e4245,virtual-id-api,en,,"August 4, 2025, 5:39 AM","August 14, 2025, 7:21 AM",0,781d4ce6-4ef2-41b6-af48-69c643c33bd6,,"August 4, 2025, 5:46 AM"
68904795f1a679c42aa90ac8,2,3115683309,226048594,,9811db1e-e7e8-46d1-8a7b-86e32d45999d,9b50a7e7-fdec-4fd7-bf63-84b3e62e334g,9b50a7e7-fdec-4fd7-bf63-84b3e62e4245,virtual-id-api,en,,"August 4, 2025, 5:39 AM","August 18, 2025, 5:52 AM",0,1f895573-2ddb-41f4-8be5-aba74a8dc5b9,,"August 4, 2025, 5:44 AM"
68904971f1a679c42aa90c86,2,4847552966,225044506,,9811db1e-e7e8-46d1-8a7b-86e32d45999d,9b50a7e7-fdec-4fd7-bf63-84b3e62e334g,9b50a7e7-fdec-4fd7-bf63-84b3e62e4245,virtual-id-api,en,,"August 4, 2025, 5:47 AM","August 18, 2025, 5:46 AM",0,4b8619bb-01be-4799-b88f-ce21e651485d,,"August 4, 2025, 5:52 AM"
68904b27fd34175c38dc3d4c,2,7617342350,229063096,,9811db1e-e7e8-46d1-8a7b-86e32d45999d,9b50a7e7-fdec-4fd7-bf63-84b3e62e334g,9b50a7e7-fdec-4fd7-bf63-84b3e62e4245,virtual-id-api,en,,"August 4, 2025, 5:54 AM","August 18, 2025, 5:47 AM",0,1ad72bb9-5694-4f1c-a2af-5895b64b6de4,,"August 4, 2025, 5:57 AM"
6890509dfd34175c38dc3fa5,2,3774154668,184560012,,9811db1e-e7e8-46d1-8a7b-86e32d45999d,9b50a7e7-fdec-4fd7-bf63-84b3e62e334g,9b50a7e7-fdec-4fd7-bf63-84b3e62e4212,virtual-id-api,en,,"August 4, 2025, 6:18 AM","August 14, 2025, 6:39 AM",0,42e16c03-7d8b-40f5-bc6f-16f995cc88b3,,"August 6, 2025, 6:52 AM"
68905babfd34175c38dc3fbb,2,1207473813,190734201,,9811db1e-e7e8-46d1-8a7b-86e32d45999d,9b50a7e7-fdec-4fd7-bf63-84b3e62e334g,9b50a7e7-fdec-4fd7-bf63-84b3e62e4212,virtual-id-api,en,,"August 4, 2025, 7:05 AM","August 12, 2025, 7:12 AM",0,9808a699-f191-428f-b6eb-6094910c516c,,"August 6, 2025, 6:56 AM"
68906d4ffd34175c38dc3fc1,2,7938023497,203539155,,9811db1e-e7e8-46d1-8a7b-86e32d45999d,9b50a7e7-fdec-4fd7-bf63-84b3e62e334g,9b50a7e7-fdec-4fd7-bf63-84b3e62e4243,virtual-id-api,en,,"August 4, 2025, 8:20 AM","August 13, 2025, 8:58 AM",0,21249931-70ae-463f-ac33-76002444c9bc,,"August 6, 2025, 8:41 AM"
6890731cfd34175c38dc3fd6,2,1465207597,217030502,,9811db1e-e7e8-46d1-8a7b-86e32d45999d,9b50a7e7-fdec-4fd7-bf63-84b3e62e334g,9b50a7e7-fdec-4fd7-bf63-84b3e62e4243,virtual-id-api,en,,"August 4, 2025, 8:45 AM","August 6, 2025, 8:44 AM",0,1cbf88d1-8aa4-4a06-8aad-5d90db872144,,"August 4, 2025, 8:48 AM"
68907511f1a679c42aa91140,2,8246929266,260034639,,9811db1e-e7e8-46d1-8a7b-86e32d45999d,9b50a7e7-fdec-4fd7-bf63-84b3e62e334g,9b50a7e7-fdec-4fd7-bf63-84b3e62e4243,virtual-id-api,en,,"August 4, 2025, 8:53 AM","August 6, 2025, 8:53 AM",0,0d7008da-6b4d-4d8d-a3fb-f92471c29408,,"August 4, 2025, 8:55 AM"
689075f6fd34175c38dc40dc,2,2840789695,202615315,,9811db1e-e7e8-46d1-8a7b-86e32d45999d,9b50a7e7-fdec-4fd7-bf63-84b3e62e334g,9b50a7e7-fdec-4fd7-bf63-84b3e62e4243,virtual-id-api,en,,"August 4, 2025, 8:57 AM","August 14, 2025, 9:06 AM",0,873da154-07ad-45eb-b71e-919395b5a87a,,"August 4, 2025, 9:02 AM"
68907608f1a679c42aa911e0,2,8007430735,201880191,,9811db1e-e7e8-46d1-8a7b-86e32d45999d,9b50a7e7-fdec-4fd7-bf63-84b3e62e334g,9b50a7e7-fdec-4fd7-bf63-84b3e62e4243,virtual-id-api,en,,"August 4, 2025, 8:57 AM","August 12, 2025, 8:52 AM",0,65373091-0a52-477a-a2d8-64221428be60,,"August 4, 2025, 8:59 AM"
68907615f1a679c42aa911fa,2,3892435222,234002184,,9811db1e-e7e8-46d1-8a7b-86e32d45999d,9b50a7e7-fdec-4fd7-bf63-84b3e62e334g,9b50a7e7-fdec-4fd7-bf63-84b3e62e4243,virtual-id-api,en,,"August 4, 2025, 8:57 AM","August 12, 2025, 8:47 AM",0,c94e8778-bfd3-4532-8ecc-e7c08957a788,,"August 4, 2025, 9:00 AM"
6890763cfd34175c38dc41d3,2,5203502130,171013657,,9811db1e-e7e8-46d1-8a7b-86e32d45999d,9b50a7e7-fdec-4fd7-bf63-84b3e62e334g,f332b409-ea5c-4d09-9fb8-641d1047c5ef,virtual-id-api,en,,"August 4, 2025, 8:58 AM","August 13, 2025, 9:54 AM",0,c7ac75af-cab0-4871-b662-cb05a87b3479,,"August 13, 2025, 9:43 AM"
6891826bfd34175c38dc4754,2,9986335187,20011583197,,9811db1e-e7e8-46d1-8a7b-86e32d45999d,9b50a7e7-fdec-4fd7-bf63-84b3e62e334g,9b50a7e7-fdec-4fd7-bf63-84b3e62e4245,virtual-id-api,en,,"August 5, 2025, 4:02 AM","August 5, 2025, 4:02 AM",0,f8b6e9fb-acc2-4dff-990d-b146eb3e7698,,
68918a79fd34175c38dc4b90,2,9958913987,20019046882,,9811db1e-e7e8-46d1-8a7b-86e32d45999d,9b50a7e7-fdec-4fd7-bf63-84b3e62e334g,9b50a7e7-fdec-4fd7-bf63-84b3e62e4245,virtual-id-api,en,,"August 5, 2025, 4:37 AM","August 5, 2025, 4:37 AM",0,bba3a800-2811-44d9-b3d4-0d270833e517,,
68919b51fd34175c38dc5c42,2,6060088991,228091763,,9811db1e-e7e8-46d1-8a7b-86e32d45999d,9b50a7e7-fdec-4fd7-bf63-84b3e62e334g,9b50a7e7-fdec-4fd7-bf63-84b3e62e4245,virtual-id-api,en,,"August 5, 2025, 5:49 AM","August 6, 2025, 5:53 AM",0,3ca97d5e-fcfe-4490-bee9-3decbf0d88c9,,"August 5, 2025, 5:53 AM"
68919b65f1a679c42aa92e3e,2,5458450782,223482951,,9811db1e-e7e8-46d1-8a7b-86e32d45999d,9b50a7e7-fdec-4fd7-bf63-84b3e62e334g,9b50a7e7-fdec-4fd7-bf63-84b3e62e4245,virtual-id-api,en,,"August 5, 2025, 5:49 AM","August 18, 2025, 5:49 AM",0,bb139dbc-05d6-4df0-80cb-4cc83de16883,,"August 5, 2025, 5:52 AM"
68919bc3fd34175c38dc5d7c,2,4784669363,224645097,,9811db1e-e7e8-46d1-8a7b-86e32d45999d,9b50a7e7-fdec-4fd7-bf63-84b3e62e334g,9b50a7e7-fdec-4fd7-bf63-84b3e62e4245,virtual-id-api,en,,"August 5, 2025, 5:50 AM","August 18, 2025, 5:47 AM",0,b8b28e36-59b0-469b-b1e7-e43ac3af5a4a,,"August 5, 2025, 5:54 AM"
68919c2cf1a679c42aa93037,2,6941899123,22640656782,,9811db1e-e7e8-46d1-8a7b-86e32d45999d,9b50a7e7-fdec-4fd7-bf63-84b3e62e334g,9b50a7e7-fdec-4fd7-bf63-84b3e62e4245,virtual-id-api,en,,"August 5, 2025, 5:52 AM","August 5, 2025, 5:52 AM",0,57b48034-8467-4b7f-9839-8fb36b9c5035,,
68919e9df1a679c42aa935b9,2,3654561658,20803515188,,9811db1e-e7e8-46d1-8a7b-86e32d45999d,9b50a7e7-fdec-4fd7-bf63-84b3e62e334g,9b50a7e7-fdec-4fd7-bf63-84b3e62e4245,virtual-id-api,en,,"August 5, 2025, 6:03 AM","August 5, 2025, 6:03 AM",0,e42ff51a-c4b3-441a-87f3-842a717d461a,,
6891a1fbfd34175c38dc682a,2,1437717629,22656284954,,9811db1e-e7e8-46d1-8a7b-86e32d45999d,9b50a7e7-fdec-4fd7-bf63-84b3e62e334g,9b50a7e7-fdec-4fd7-bf63-84b3e62e4246,virtual-id-api,en,,"August 5, 2025, 6:17 AM","August 5, 2025, 6:53 AM",0,5c0d20c6-4b8b-494d-9c04-282d2b96b550,,"August 5, 2025, 6:28 AM"
6891a623fd34175c38dc6c48,2,2446067025,20047686932,,9811db1e-e7e8-46d1-8a7b-86e32d45999d,9b50a7e7-fdec-4fd7-bf63-84b3e62e334g,9b50a7e7-fdec-4fd7-bf63-84b3e62e4212,virtual-id-api,en,,"August 5, 2025, 6:35 AM","August 5, 2025, 6:35 AM",0,9d80529b-ffc8-4a38-a210-42dd6b59d5f8,,
6891c2cafd34175c38dc711c,2,4803131752,203674393,,9811db1e-e7e8-46d1-8a7b-86e32d45999d,9b50a7e7-fdec-4fd7-bf63-84b3e62e334g,9b50a7e7-fdec-4fd7-bf63-84b3e62e4243,virtual-id-api,en,,"August 5, 2025, 8:37 AM","August 16, 2025, 5:05 AM",0,9d15bc15-20f9-42ba-9c3f-cf9e04150dd2,,"August 5, 2025, 8:42 AM"
6891d0e5fd34175c38dc77e6,2,5678572382,184222417,,9811db1e-e7e8-46d1-8a7b-86e32d45999d,9b50a7e7-fdec-4fd7-bf63-84b3e62e334g,f332b409-ea5c-4d09-9fb8-641d1047c5ef,virtual-id-api,en,,"August 5, 2025, 9:37 AM","August 7, 2025, 9:55 AM",0,a864ffc7-f7ac-43fb-8fd9-6394303e3808,,"August 7, 2025, 9:41 AM"
6891d0e7fd34175c38dc77f5,2,5602748009,192317227,,9811db1e-e7e8-46d1-8a7b-86e32d45999d,9b50a7e7-fdec-4fd7-bf63-84b3e62e334g,f332b409-ea5c-4d09-9fb8-641d1047c5ef,virtual-id-api,en,,"August 5, 2025, 9:37 AM","August 13, 2025, 9:53 AM",0,b47867a0-ea30-46c6-82df-eea2ce208f91,,"August 7, 2025, 9:35 AM"
6891d0f1fd34175c38dc7804,2,7281368005,195766772,,9811db1e-e7e8-46d1-8a7b-86e32d45999d,9b50a7e7-fdec-4fd7-bf63-84b3e62e334g,f332b409-ea5c-4d09-9fb8-641d1047c5ef,virtual-id-api,en,,"August 5, 2025, 9:37 AM","August 5, 2025, 9:43 AM",0,,,
6891d0f7fd34175c38dc7813,2,1401189102,183943609,,9811db1e-e7e8-46d1-8a7b-86e32d45999d,9b50a7e7-fdec-4fd7-bf63-84b3e62e334g,f332b409-ea5c-4d09-9fb8-641d1047c5ef,virtual-id-api,en,,"August 5, 2025, 9:37 AM","August 16, 2025, 5:01 AM",0,6098f385-7a08-43ad-807b-f8dc1658a1b2,,"August 13, 2025, 9:42 AM"
6891d102fd34175c38dc7830,2,2766709690,217342611,,9811db1e-e7e8-46d1-8a7b-86e32d45999d,9b50a7e7-fdec-4fd7-bf63-84b3e62e334g,f332b409-ea5c-4d09-9fb8-641d1047c5ef,virtual-id-api,en,,"August 5, 2025, 9:38 AM","August 13, 2025, 9:53 AM",0,d5269fdd-25bf-4198-a722-5fead931fc21,,"August 7, 2025, 9:36 AM"
6891d166fd34175c38dc783f,2,6588900382,245609643,,9811db1e-e7e8-46d1-8a7b-86e32d45999d,9b50a7e7-fdec-4fd7-bf63-84b3e62e334g,f332b409-ea5c-4d09-9fb8-641d1047c5ef,virtual-id-api,en,,"August 5, 2025, 9:39 AM","August 13, 2025, 9:49 AM",0,6d2b5127-2752-4d87-a8c4-02133b31ca4e,,"August 7, 2025, 9:36 AM"
6891d33bf1a679c42aa9471c,2,8136961907,215724171,,9811db1e-e7e8-46d1-8a7b-86e32d45999d,9b50a7e7-fdec-4fd7-bf63-84b3e62e334g,9b50a7e7-fdec-4fd7-bf63-84b3e62e4212,virtual-id-api,en,,"August 5, 2025, 9:47 AM","August 5, 2025, 9:56 AM",0,97f5cb6a-3fe6-4494-92b3-4ec201ae7151,,"August 5, 2025, 9:53 AM"
6892ef0afd34175c38dc85ce,2,8767758181,223085244,,9811db1e-e7e8-46d1-8a7b-86e32d45999d,9b50a7e7-fdec-4fd7-bf63-84b3e62e334g,9b50a7e7-fdec-4fd7-bf63-84b3e62e4245,virtual-id-api,en,,"August 6, 2025, 5:58 AM","August 18, 2025, 5:39 AM",0,53e78b32-67aa-4fd5-90cb-5ebd25b34c67,,"August 7, 2025, 5:49 AM"
6892faa1fd34175c38dc894f,2,2278358845,210505928,,9811db1e-e7e8-46d1-8a7b-86e32d45999d,9b50a7e7-fdec-4fd7-bf63-84b3e62e334g,9b50a7e7-fdec-4fd7-bf63-84b3e62e4212,virtual-id-api,en,,"August 6, 2025, 6:48 AM","August 6, 2025, 7:24 AM",0,e4eb5395-a6e2-4e3d-9c28-3b7d20ecd519,,"August 6, 2025, 6:54 AM"
6892faadfd34175c38dc8967,2,8683281357,215724174,,9811db1e-e7e8-46d1-8a7b-86e32d45999d,9b50a7e7-fdec-4fd7-bf63-84b3e62e334g,9b50a7e7-fdec-4fd7-bf63-84b3e62e4212,virtual-id-api,en,,"August 6, 2025, 6:48 AM","August 14, 2025, 6:50 AM",0,4fa8f58e-7cbc-4f8b-a970-3f975a6abda6,,"August 6, 2025, 6:52 AM"
6892faaefd34175c38dc897c,2,4149493335,236636258,,9811db1e-e7e8-46d1-8a7b-86e32d45999d,9b50a7e7-fdec-4fd7-bf63-84b3e62e334g,9b50a7e7-fdec-4fd7-bf63-84b3e62e4212,virtual-id-api,en,,"August 6, 2025, 6:48 AM","August 6, 2025, 7:24 AM",0,c82f24a7-2f13-44fe-b3fa-bebf668c5cd8,,"August 6, 2025, 6:57 AM"
6892fab7fd34175c38dc8995,2,2592256315,218528855,,9811db1e-e7e8-46d1-8a7b-86e32d45999d,9b50a7e7-fdec-4fd7-bf63-84b3e62e334g,9b50a7e7-fdec-4fd7-bf63-84b3e62e4212,virtual-id-api,en,,"August 6, 2025, 6:48 AM","August 12, 2025, 7:18 AM",0,4e503b60-fa04-4ebe-8bbb-1af8ba314e59,,"August 6, 2025, 6:54 AM"
6892fad6fd34175c38dc89bc,2,1798561336,190619805,,9811db1e-e7e8-46d1-8a7b-86e32d45999d,9b50a7e7-fdec-4fd7-bf63-84b3e62e334g,9b50a7e7-fdec-4fd7-bf63-84b3e62e4212,virtual-id-api,en,,"August 6, 2025, 6:48 AM","August 13, 2025, 7:19 AM",0,2b7f4e88-7f1f-465b-a345-9d96615aa8d3,,"August 6, 2025, 6:51 AM"
6892fb12f1a679c42aa95678,2,6637246357,218591372,,9811db1e-e7e8-46d1-8a7b-86e32d45999d,9b50a7e7-fdec-4fd7-bf63-84b3e62e334g,9b50a7e7-fdec-4fd7-bf63-84b3e62e4212,virtual-id-api,en,,"August 6, 2025, 6:49 AM","August 12, 2025, 7:09 AM",0,4887dd4a-d1fa-436b-b668-acc622564f04,,"August 6, 2025, 6:55 AM"
68930dcefd34175c38dc94b1,2,7138651405,233774315,,9811db1e-e7e8-46d1-8a7b-86e32d45999d,9b50a7e7-fdec-4fd7-bf63-84b3e62e334g,9b50a7e7-fdec-4fd7-bf63-84b3e62e4243,virtual-id-api,en,,"August 6, 2025, 8:09 AM","August 13, 2025, 8:54 AM",0,03f3d50b-b998-48b1-a496-6fba734c099c,,"August 6, 2025, 8:40 AM"
6893142afd34175c38dc94d0,2,8673688863,203678364,,9811db1e-e7e8-46d1-8a7b-86e32d45999d,9b50a7e7-fdec-4fd7-bf63-84b3e62e334g,9b50a7e7-fdec-4fd7-bf63-84b3e62e4243,virtual-id-api,en,,"August 6, 2025, 8:36 AM","August 12, 2025, 8:47 AM",0,561d6b5c-a39b-4254-a7f8-30875254d8a7,,"August 6, 2025, 8:46 AM"
689314d2f1a679c42aa962f1,2,8851710066,154384108,,9811db1e-e7e8-46d1-8a7b-86e32d45999d,9b50a7e7-fdec-4fd7-bf63-84b3e62e334g,9b50a7e7-fdec-4fd7-bf63-84b3e62e4243,virtual-id-api,en,,"August 6, 2025, 8:39 AM","August 7, 2025, 9:56 AM",0,bbe71b83-0b46-414a-aca8-a7c51cf88aa3,,"August 6, 2025, 8:43 AM"
68941ff0c6f4ac156a43ae42,2,7257513146,90000000016,,9811db1e-e7e8-46d1-8a7b-86e32d45999d,9b50a7e7-fdec-4fd7-bf63-84b3e62e334g,9b50a7e7-fdec-4fd7-bf63-84b3e62e4247,virtual-id-api,en,,"August 7, 2025, 3:39 AM","August 14, 2025, 3:34 AM",0,b5f925d6-baa6-4109-b760-83a5cb2a9816,,"August 7, 2025, 3:41 AM"
6894321ec6f4ac156a43bb62,2,2099207506,20593686070,,9811db1e-e7e8-46d1-8a7b-86e32d45999d,9b50a7e7-fdec-4fd7-bf63-84b3e62e334g,9b50a7e7-fdec-4fd7-bf63-84b3e62e4212,virtual-id-api,en,,"August 7, 2025, 4:57 AM","August 7, 2025, 4:57 AM",0,9610a812-46be-4cf1-862b-9ae514d5a314,,
6894376ba92a2a0c48f633d1,2,9291226832,20034734911,,9811db1e-e7e8-46d1-8a7b-86e32d45999d,9b50a7e7-fdec-4fd7-bf63-84b3e62e334g,9b50a7e7-fdec-4fd7-bf63-84b3e62e4245,virtual-id-api,en,,"August 7, 2025, 5:19 AM","August 13, 2025, 5:55 AM",0,112c7620-c8e4-44ec-bea8-ac85474582f6,,"August 7, 2025, 5:25 AM"
68944475a92a2a0c48f644a7,2,1088429155,20761991920,,9811db1e-e7e8-46d1-8a7b-86e32d45999d,9b50a7e7-fdec-4fd7-bf63-84b3e62e334g,9b50a7e7-fdec-4fd7-bf63-84b3e62e4245,virtual-id-api,en,,"August 7, 2025, 6:15 AM","August 7, 2025, 6:15 AM",0,fd9eaf75-f0df-4909-bd7a-aacca19bd2fa,,
68944556c6f4ac156a43ce25,2,6967892033,20054772398,,9811db1e-e7e8-46d1-8a7b-86e32d45999d,9b50a7e7-fdec-4fd7-bf63-84b3e62e334g,9b50a7e7-fdec-4fd7-bf63-84b3e62e4212,virtual-id-api,en,,"August 7, 2025, 6:19 AM","August 7, 2025, 6:24 AM",0,0d7b381a-225e-463a-aae7-8eec6f8b1cf4,,"August 7, 2025, 6:21 AM"
6894731fc6f4ac156a43e0c4,2,8792461179,219300457,,9811db1e-e7e8-46d1-8a7b-86e32d45999d,9b50a7e7-fdec-4fd7-bf63-84b3e62e334g,f332b409-ea5c-4d09-9fb8-641d1047c5ef,virtual-id-api,en,,"August 7, 2025, 9:34 AM","August 16, 2025, 5:03 AM",0,b9e41a31-a487-41ef-aaaa-a097ab9eb4bf,,"August 7, 2025, 9:37 AM"
6896cf0fc6f4ac156a43e626,2,6482923481,171018012,,9811db1e-e7e8-46d1-8a7b-86e32d45999d,9b50a7e7-fdec-4fd7-bf63-84b3e62e334g,f332b409-ea5c-4d09-9fb8-641d1047c5ef,virtual-id-api,en,,"August 9, 2025, 4:31 AM","August 9, 2025, 5:26 AM",0,32726441-5227-46ca-8656-8f20ca3bc592,,"August 9, 2025, 5:19 AM"
68998a92bcdff259f61929cd,2,9079074561,20722067475,,9811db1e-e7e8-46d1-8a7b-86e32d45999d,9b50a7e7-fdec-4fd7-bf63-84b3e62e334g,9b50a7e7-fdec-4fd7-bf63-84b3e62e4245,virtual-id-api,en,,"August 11, 2025, 6:15 AM","August 11, 2025, 6:32 AM",0,c219f37b-34cc-43c5-bcbd-465ffd998469,,"August 11, 2025, 6:20 AM"
689abd7d22cf5bcc8c5389ff,2,7506945000,20152828359,,9811db1e-e7e8-46d1-8a7b-86e32d45999d,9b50a7e7-fdec-4fd7-bf63-84b3e62e334g,9b50a7e7-fdec-4fd7-bf63-84b3e62e4245,virtual-id-api,en,,"August 12, 2025, 4:05 AM","August 12, 2025, 4:05 AM",0,9a0c2149-50bb-4b3d-a282-720dd5929546,,
689ae66f22cf5bcc8c538b20,2,5011285170,218852594,,9811db1e-e7e8-46d1-8a7b-86e32d45999d,9b50a7e7-fdec-4fd7-bf63-84b3e62e334g,9b50a7e7-fdec-4fd7-bf63-84b3e62e4212,virtual-id-api,en,,"August 12, 2025, 6:59 AM","August 14, 2025, 6:44 AM",0,c63770a9-5673-4486-9950-4775e314a715,,"August 12, 2025, 7:08 AM"
689aebe822cf5bcc8c539123,2,8241311082,1024063608,,9811db1e-e7e8-46d1-8a7b-86e32d45999d,9b50a7e7-fdec-4fd7-bf63-84b3e62e334g,fe763dc8-95c3-47d6-8191-a024fddba5b0,virtual-id-api,en,,"August 12, 2025, 7:23 AM","August 12, 2025, 7:23 AM",0,dd7b43c2-0df8-4404-89bc-68b5ff734d31,,
689c1077bcdff259f6193ae1,2,3322813085,20027165562,,9811db1e-e7e8-46d1-8a7b-86e32d45999d,9b50a7e7-fdec-4fd7-bf63-84b3e62e334g,9b50a7e7-fdec-4fd7-bf63-84b3e62e4245,virtual-id-api,en,,"August 13, 2025, 4:11 AM","August 13, 2025, 4:11 AM",0,fdd0307d-ab6b-4866-8518-1d14f6477a69,,
689c226922cf5bcc8c53995e,2,8902689168,224687882,,9811db1e-e7e8-46d1-8a7b-86e32d45999d,9b50a7e7-fdec-4fd7-bf63-84b3e62e334g,9b50a7e7-fdec-4fd7-bf63-84b3e62e4245,virtual-id-api,en,,"August 13, 2025, 5:28 AM","August 14, 2025, 7:20 AM",0,e8bfbc24-3b2d-404e-805d-143702fa521b,,"August 13, 2025, 5:31 AM"
689c23ecbcdff259f6194216,2,3637554770,20007290321,,9811db1e-e7e8-46d1-8a7b-86e32d45999d,9b50a7e7-fdec-4fd7-bf63-84b3e62e334g,9b50a7e7-fdec-4fd7-bf63-84b3e62e4246,virtual-id-api,en,,"August 13, 2025, 5:34 AM","August 13, 2025, 5:37 AM",0,311d2130-b9f0-4ac2-847b-32e778692a2b,,"August 13, 2025, 5:37 AM"
689d692822cf5bcc8c53bdd2,2,1197638159,22946180239,,9811db1e-e7e8-46d1-8a7b-86e32d45999d,9b50a7e7-fdec-4fd7-bf63-84b3e62e334g,9b50a7e7-fdec-4fd7-bf63-84b3e62e4246,virtual-id-api,en,,"August 14, 2025, 4:42 AM","August 14, 2025, 4:42 AM",0,19772db9-1f36-44af-9a70-b1cd47646f83,,
689d709122cf5bcc8c53c65a,2,5684738687,20118975590,,9811db1e-e7e8-46d1-8a7b-86e32d45999d,9b50a7e7-fdec-4fd7-bf63-84b3e62e334g,9b50a7e7-fdec-4fd7-bf63-84b3e62e4245,virtual-id-api,en,,"August 14, 2025, 5:13 AM","August 14, 2025, 5:13 AM",0,2c19aed2-85d7-4d33-84ad-ea316df3bc71,,
689d71d1bcdff259f6196d5e,2,8117578692,22975151501,,9811db1e-e7e8-46d1-8a7b-86e32d45999d,9b50a7e7-fdec-4fd7-bf63-84b3e62e334g,9b50a7e7-fdec-4fd7-bf63-84b3e62e4246,virtual-id-api,en,,"August 14, 2025, 5:19 AM","August 14, 2025, 5:19 AM",0,64e67647-f651-4b93-b916-78c236d0c1ad,,
689d720fbcdff259f6196dae,2,5077068858,22702701745,,9811db1e-e7e8-46d1-8a7b-86e32d45999d,9b50a7e7-fdec-4fd7-bf63-84b3e62e334g,9b50a7e7-fdec-4fd7-bf63-84b3e62e4245,virtual-id-api,en,,"August 14, 2025, 5:20 AM","August 14, 2025, 5:22 AM",0,f682d05d-7fee-45f0-8f30-b775d65c02de,,
68a2ab14ba5273ae7247eb29,2,7340164718,20056794317,,9811db1e-e7e8-46d1-8a7b-86e32d45999d,9b50a7e7-fdec-4fd7-bf63-84b3e62e334g,9b50a7e7-fdec-4fd7-bf63-84b3e62e4245,virtual-id-api,en,,"August 18, 2025, 4:24 AM","August 18, 2025, 4:32 AM",0,1a27a167-8a83-4faf-9b03-65c618caddc4,,"August 18, 2025, 4:28 AM"
